{"cameraMode":{"drawMode":0,"name":"Shaded","section":"Shading Mode"},"sceneLighting":false,"audioPlay":false,"sceneViewState":{"showFog":true,"showMaterialUpdate":false,"showSkybox":true,"showFlares":true,"showImageEffects":true,"showParticleSystems":true},"in2DMode":false,"pivot":{"x":6.368285179138184,"y":-1.064073085784912,"z":0.07094584405422211},"rotation":{"x":0.26917123794555666,"y":0.1359764039516449,"z":-0.029166029766201974,"w":0.9546800255775452},"size":11.160679817199707,"orthographic":false}