{"cameraMode":{"drawMode":0,"name":"Shaded","section":"Shading Mode"},"sceneLighting":false,"audioPlay":false,"sceneViewState":{"showFog":true,"showMaterialUpdate":false,"showSkybox":true,"showFlares":true,"showImageEffects":true,"showParticleSystems":true},"in2DMode":false,"pivot":{"x":-7.531311988830566,"y":122.44099426269531,"z":128.42144775390626},"rotation":{"x":-0.1713816225528717,"y":0.7460540533065796,"z":-0.21009932458400727,"w":-0.6103472709655762},"size":161.006591796875,"orthographic":false}