{"cameraMode":{"drawMode":0,"name":"Shaded","section":"Shading Mode"},"sceneLighting":false,"audioPlay":false,"sceneViewState":{"showFog":true,"showMaterialUpdate":false,"showSkybox":false,"showFlares":true,"showImageEffects":true,"showParticleSystems":true},"in2DMode":false,"pivot":{"x":-17.6299991607666,"y":4.090000152587891,"z":41.880001068115237},"rotation":{"x":0.252912312746048,"y":-0.31679949164390566,"z":0.09386497735977173,"w":0.9109316468238831},"size":2.8578836917877199,"orthographic":false}