{"cameraMode":{"drawMode":0,"name":"Shaded","section":"Shading Mode"},"sceneLighting":true,"audioPlay":false,"sceneViewState":{"showFog":true,"showMaterialUpdate":false,"showSkybox":true,"showFlares":true,"showImageEffects":true,"showParticleSystems":true},"in2DMode":false,"pivot":{"x":-40.73267364501953,"y":-29.869007110595704,"z":56.904502868652347},"rotation":{"x":-0.2616287171840668,"y":0.35750389099121096,"z":-0.10655230283737183,"w":-0.8908683061599731},"size":117.89336395263672,"orthographic":false}