{"cameraMode":{"drawMode":0,"name":"Shaded","section":"Shading Mode"},"sceneLighting":false,"audioPlay":false,"sceneViewState":{"showFog":true,"showMaterialUpdate":false,"showSkybox":true,"showFlares":true,"showImageEffects":true,"showParticleSystems":true},"in2DMode":false,"pivot":{"x":3.3701770305633547,"y":2.3283157348632814,"z":21.065078735351564},"rotation":{"x":0.1552574634552002,"y":-0.005259056109935045,"z":0.006528529338538647,"w":0.9893379211425781},"size":224.0758819580078,"orthographic":false}