{"cameraMode":{"drawMode":0,"name":"Shaded","section":"Shading Mode"},"sceneLighting":false,"audioPlay":false,"sceneViewState":{"showFog":true,"showMaterialUpdate":false,"showSkybox":true,"showFlares":true,"showImageEffects":true,"showParticleSystems":true},"in2DMode":false,"pivot":{"x":-27.39193344116211,"y":-107.19966125488281,"z":139.9797821044922},"rotation":{"x":0.3299197554588318,"y":-0.107229083776474,"z":0.043530840426683429,"w":0.9384530782699585},"size":248.3860321044922,"orthographic":false}